rank,treat score
5,0.9509661
10,0.8907828
